rosbagTimestamp,x,z
243200000000,0.5,0
243700000000,0.5,0
243800000000,0.5,0
243900000000,0.5,0
244000000000,0.5,0
244100000000,0.5,0
244200000000,0.5,0
244300000000,0.5,0
244400000000,0.5,0
244500000000,0.5,0
244600000000,0.5,0
244700000000,0.5,0
244800000000,0.5,0
244900000000,0.5,0
245000000000,0.5,0
245100000000,0.5,0
245200000000,0.5,0
245300000000,0.5,0
245400000000,0.5,0
245500000000,0.5,0
245600000000,0.5,0
245700000000,0.5,0
245800000000,0.5,0
245900000000,0.5,0
246000000000,0.5,0
246100000000,0.5,0
246200000000,0.5,0
246300000000,0.5,0
246400000000,0.5,0
246500000000,0.5,0
246600000000,0.5,0
246700000000,0.5,0
246800000000,0,-1
247100000000,0.5,0
247600000000,0.5,0
247700000000,0.5,0
247800000000,0.5,0
247900000000,0.5,0
248000000000,0.5,0
248100000000,0.5,0
248200000000,0.5,0
248300000000,0.5,0
248400000000,0.5,0
248500000000,0.5,0
248600000000,0.5,0
248700000000,0.5,0
248800000000,0,1
249100000000,0.5,0
249600000000,0.5,0
249700000000,0.5,0
249800000000,0.5,0
249900000000,0.5,0
250000000000,0.5,0
250100000000,0.5,0
250200000000,0.5,0
250300000000,0.5,0
250400000000,0.5,0
250500000000,0.5,0
250600000000,0.5,0
250700000000,0.5,0
250800000000,0.5,0
250900000000,0.5,0
251000000000,0.5,0
251100000000,0.5,0
251200000000,0.5,0
251300000000,0.5,0
251400000000,0.5,0
251500000000,0.5,0
251600000000,0.5,0
251700000000,0.5,0
251800000000,0.5,0
251900000000,0.5,0
252000000000,0.5,0
252100000000,0.5,0
252200000000,0.5,0
252300000000,0.5,0
252400000000,0.5,0
252500000000,0.5,0
252600000000,0.5,0
252700000000,0.5,0
252800000000,0.5,0
253000000000,0.5,0
253100000000,0.5,0
253200000000,0.5,0
253300000000,0.5,0
253400000000,0.5,0
253500000000,0.5,0
253600000000,0.5,0
253700000000,0,1
254000000000,0.5,0
254500000000,0.5,0
254600000000,0.5,0
254700000000,0.5,0
254800000000,0.5,0
254900000000,0.5,0
255000000000,0.5,0
255100000000,0.5,0
255200000000,0,1
255700000000,0.5,0
256200000000,0.5,0
256300000000,0.5,0
256400000000,0.5,0
256500000000,0.5,0
256600000000,0.5,0
256700000000,0.5,0
256800000000,0.5,0
256900000000,0.5,0
257100000000,0.5,0
257200000000,0.5,0
257300000000,0.5,0
257400000000,0.5,0
257500000000,0.5,0
257600000000,0.5,0
257700000000,0.5,0
257800000000,0.5,0
257900000000,0.5,0
258000000000,0.5,0
258100000000,0.5,0
258200000000,0.5,0
258300000000,0.5,0
258400000000,0.5,0
258500000000,0.5,0
258600000000,0.5,0
258700000000,0.5,0
258800000000,0.5,0
258900000000,0.5,0
259000000000,0.5,0
259100000000,0.5,0
259200000000,0,1
259400000000,0.5,0
259900000000,0.5,0
260000000000,0.5,0
260100000000,0.5,0
260200000000,0.5,0
260300000000,0.5,0
260400000000,0.5,0
260500000000,0.5,0
260600000000,0.5,0
260700000000,0.5,0
260800000000,0.5,0
260900000000,0.5,0
261000000000,0.5,0
261100000000,0.5,0
261200000000,0.5,0
261300000000,0.5,0
261400000000,0.5,0
261500000000,0.5,0
261600000000,0.5,0
261700000000,0.5,0
261800000000,0.5,0
261900000000,0.5,0
262000000000,0.5,0
262100000000,0.5,0
262200000000,0.5,0
262300000000,0.5,0
262400000000,0.5,0
262500000000,0.5,0
262600000000,0.5,0
262700000000,0.5,0
262800000000,0.5,0
262900000000,0.5,0
263000000000,0.5,0
263100000000,0.5,0
263200000000,0.5,0
263300000000,0.5,0
263400000000,0.5,0
263500000000,0.5,0
263600000000,0.5,0
263700000000,0.5,0
263800000000,0,1
264100000000,0.5,0
264600000000,0.5,0
264700000000,0,1
265000000000,0.5,0
265100000000,0.5,0
265300000000,0,1
265800000000,0.5,0
266200000000,0.5,0
266300000000,0.5,0
266400000000,0.5,0
266500000000,0.5,0
266600000000,0.5,0
266700000000,0.5,0
266800000000,0.5,0
266900000000,0.5,0
267000000000,0.5,0
267100000000,0.5,0
267200000000,0.5,0
267300000000,0.5,0
267400000000,0.5,0
267500000000,0.5,0
267600000000,0.5,0
267700000000,0.5,0
267800000000,0.5,0
267900000000,0.5,0
268000000000,0.5,0
268100000000,0.5,0
268200000000,0.5,0
268300000000,0.5,0
268400000000,0.5,0
268500000000,0.5,0
268600000000,0.5,0
268700000000,0.5,0
268800000000,0.5,0
268900000000,0.5,0
269000000000,0.5,0
269100000000,0.5,0
269200000000,0.5,0
269300000000,0.5,0
269500000000,0.5,0
269600000000,0.5,0
269700000000,0.5,0
269800000000,0.5,0
269900000000,0.5,0
270000000000,0.5,0
270100000000,0.5,0
270200000000,0.5,0
270300000000,0.5,0
270400000000,0.5,0
270500000000,0.5,0
270600000000,0.5,0
270700000000,0.5,0
270800000000,0.5,0
270900000000,0.5,0
271000000000,0.5,0
271100000000,0.5,0
271200000000,0.5,0
271300000000,0.5,0
271400000000,0.5,0
271500000000,0.5,0
271600000000,0.5,0
271700000000,0.5,0
271800000000,0.5,0
271900000000,0.5,0
272000000000,0.5,0
272100000000,0.5,0
272200000000,0.5,0
272300000000,0.5,0
272400000000,0.5,0
272500000000,0.5,0
272600000000,0.5,0
272700000000,0.5,0
272800000000,0.5,0
272900000000,0.5,0
273000000000,0.5,0
273100000000,0.5,0
273200000000,0.5,0
273300000000,0.5,0
273400000000,0.5,0
273500000000,0.5,0
273600000000,0.5,0
273700000000,0.5,0
273800000000,0.5,0
273900000000,0,-1
274600000000,0.5,0
274700000000,0.5,0
274800000000,0.5,0
274900000000,0.5,0
275000000000,0.5,0
275100000000,0.5,0
275200000000,0.5,0
275300000000,0.5,0
275400000000,0.5,0
275500000000,0.5,0
275600000000,0.5,0
275700000000,0.5,0
275800000000,0.5,0
275900000000,0.5,0
276000000000,0.5,0
276100000000,0.5,0
276200000000,0.5,0
276300000000,0.5,0
276400000000,0.5,0
276500000000,0.5,0
276600000000,0,-1
276900000000,0.5,0
277400000000,0.5,0
277500000000,0.5,0
277600000000,0.5,0
277700000000,0.5,0
277800000000,0.5,0
277900000000,0.5,0
278000000000,0.5,0
278100000000,0.5,0
278200000000,0.5,0
278400000000,0.5,0
278500000000,0.5,0
278600000000,0.5,0
278700000000,0.5,0
278800000000,0.5,0
278900000000,0.5,0
279000000000,0.5,0
279100000000,0.5,0
279200000000,0.5,0
279300000000,0.5,0
279400000000,0.5,0
279500000000,0.5,0
279600000000,0.5,0
279700000000,0.5,0
279800000000,0.5,0
279900000000,0.5,0
280000000000,0.5,0
280100000000,0.5,0
280200000000,0,1
280400000000,0.5,0
280900000000,0.5,0
281000000000,0.5,0
281100000000,0.5,0
281200000000,0,1
281500000000,0.5,0
281900000000,0.5,0
282100000000,0.5,0
282200000000,0.5,0
282300000000,0.5,0
282400000000,0.5,0
282500000000,0.5,0
282600000000,0.5,0
282700000000,0.5,0
282800000000,0.5,0
282900000000,0.5,0
283000000000,0.5,0
283100000000,0.5,0
283200000000,0.5,0
283300000000,0.5,0
283400000000,0.5,0
283500000000,0.5,0
283600000000,0.5,0
283700000000,0.5,0
283800000000,0.5,0
283900000000,0.5,0
284000000000,0.5,0
284100000000,0.5,0
284200000000,0.5,0
284300000000,0.5,0
284400000000,0.5,0
284500000000,0.5,0
284600000000,0.5,0
284700000000,0.5,0
284800000000,0.5,0
284900000000,0.5,0
285000000000,0.5,0
285100000000,0.5,0
285200000000,0.5,0
285300000000,0.5,0
285400000000,0,1
285800000000,0.5,0
286400000000,0.5,0
286500000000,0.5,0
286600000000,0.5,0
286700000000,0.5,0
286800000000,0.5,0
286900000000,0.5,0
287000000000,0.5,0
287100000000,0.5,0
287200000000,0.5,0
287300000000,0.5,0
287400000000,0.5,0
287500000000,0.5,0
287600000000,0.5,0
287700000000,0.5,0
287900000000,0.5,0
288000000000,0.5,0
288100000000,0.5,0
288200000000,0.5,0
288300000000,0.5,0
288400000000,0.5,0
288500000000,0.5,0
288600000000,0.5,0
288700000000,0,1
289000000000,0.5,0
289500000000,0.5,0
289600000000,0.5,0
289700000000,0.5,0
289800000000,0.5,0
289900000000,0.5,0
290000000000,0.5,0
290100000000,0.5,0
290200000000,0.5,0
290300000000,0.5,0
290400000000,0.5,0
290500000000,0.5,0
290600000000,0.5,0
290700000000,0.5,0
290800000000,0.5,0
290900000000,0.5,0
291000000000,0.5,0
291100000000,0.5,0
291200000000,0.5,0
291300000000,0.5,0
291400000000,0.5,0
291500000000,0.5,0
291600000000,0.5,0
291700000000,0.5,0
291800000000,0.5,0
291900000000,0.5,0
292000000000,0.5,0
292100000000,0.5,0
292200000000,0.5,0
292300000000,0.5,0
292400000000,0.5,0
292500000000,0.5,0
292600000000,0.5,0
292700000000,0.5,0
292800000000,0.5,0
292900000000,0.5,0
293000000000,0.5,0
293100000000,0,1
293600000000,0.5,0
294000000000,0.5,0
294100000000,0.5,0
294200000000,0.5,0
294300000000,0.5,0
294400000000,0.5,0
294500000000,0.5,0
294600000000,0.5,0
294700000000,0.5,0
294800000000,0.5,0
294900000000,0.5,0
295000000000,0.5,0
295100000000,0.5,0
295200000000,0.5,0
295300000000,0,1
295800000000,0,1
295900000000,0,1
296000000000,0,1
296100000000,0.5,0
296600000000,0.5,0
296700000000,0.5,0
296800000000,0.5,0
296900000000,0.5,0
297000000000,0.5,0
297100000000,0.5,0
297200000000,0,-1
297600000000,0.5,0
298100000000,0,-1
298400000000,0.5,0
298900000000,0.5,0
299000000000,0.5,0
299100000000,0.5,0
299200000000,0.5,0
299300000000,0.5,0
299400000000,0.5,0
299500000000,0.5,0
299600000000,0.5,0
299700000000,0.5,0
299800000000,0,-1
300800000000,0.5,0
301300000000,0.5,0
301400000000,0.5,0
301500000000,0.5,0
301600000000,0.5,0
301700000000,0.5,0
301800000000,0,1
302000000000,0,1
302400000000,0.5,0
302900000000,0.5,0
303000000000,0.5,0
303100000000,0.5,0
303200000000,0,1
303700000000,0,1
303800000000,0.5,0
304300000000,0.5,0
304400000000,0.5,0
304500000000,0.5,0
304600000000,0.5,0
304700000000,0.5,0
304800000000,0.5,0
304900000000,0.5,0
305000000000,0.5,0
305100000000,0.5,0
305200000000,0.5,0
305300000000,0.5,0
305400000000,0.5,0
305500000000,0.5,0
305600000000,0,1
306000000000,0,1
306100000000,0,1
306200000000,0,1
306800000000,0.5,0
306900000000,0.5,0
307000000000,0.5,0
307100000000,0.5,0
307200000000,0.5,0
307300000000,0.5,0
307400000000,0.5,0
307500000000,0.5,0
307600000000,0.5,0
307700000000,0.5,0
307800000000,0.5,0
307900000000,0.5,0
308000000000,0.5,0
308100000000,0.5,0
308200000000,0.5,0
308300000000,0.5,0
308400000000,0.5,0
308500000000,0.5,0
308600000000,0.5,0
308700000000,0,1
309200000000,0,1
309300000000,0,1
309400000000,0,1
309500000000,0,1
309600000000,0.5,0
310100000000,0.5,0
310300000000,0.5,0
310400000000,0.5,0
310500000000,0.5,0
310600000000,0.5,0
310700000000,0.5,0
310800000000,0.5,0
310900000000,0.5,0
311000000000,0.5,0
311100000000,0.5,0
311200000000,0.5,0
311300000000,0.5,0
311400000000,0.5,0
311500000000,0.5,0
311600000000,0.5,0
311700000000,0.5,0
311800000000,0.5,0
311900000000,0.5,0
312000000000,0.5,0
312100000000,0.5,0
312200000000,0.5,0
312300000000,0.5,0
312400000000,0.5,0
312500000000,0.5,0
312600000000,0.5,0
312700000000,0.5,0
312800000000,0.5,0
312900000000,0.5,0
313000000000,0.5,0
313100000000,0.5,0
313200000000,0,1
313500000000,0.5,0
314000000000,0.5,0
314100000000,0.5,0
314300000000,0.5,0
314400000000,0.5,0
314500000000,0.5,0
314600000000,0.5,0
314700000000,0.5,0
314800000000,0.5,0
314900000000,0.5,0
315000000000,0.5,0
315100000000,0.5,0
315200000000,0.5,0
315300000000,0.5,0
315400000000,0.5,0
315500000000,0.5,0
315600000000,0.5,0
315700000000,0.5,0
315800000000,0.5,0
315900000000,0.5,0
316000000000,0.5,0
316100000000,0.5,0
316200000000,0.5,0
316300000000,0.5,0
316400000000,0,1
316600000000,0.5,0
317100000000,0.5,0
317200000000,0.5,0
317300000000,0.5,0
317400000000,0.5,0
317500000000,0.5,0
317600000000,0.5,0
317700000000,0.5,0
317800000000,0.5,0
317900000000,0.5,0
318000000000,0.5,0
318100000000,0.5,0
318200000000,0.5,0
318300000000,0.5,0
318400000000,0.5,0
318500000000,0.5,0
318600000000,0.5,0
318700000000,0.5,0
318800000000,0.5,0
318900000000,0.5,0
319000000000,0.5,0
319100000000,0.5,0
319200000000,0.5,0
319300000000,0.5,0
319400000000,0.5,0
319500000000,0.5,0
319600000000,0.5,0
319700000000,0.5,0
319800000000,0.5,0
319900000000,0.5,0
320000000000,0.5,0
320100000000,0.5,0
320200000000,0.5,0
320300000000,0.5,0
320400000000,0.5,0
320500000000,0.5,0
320600000000,0.5,0
320700000000,0.5,0
320800000000,0.5,0
320900000000,0.5,0
321000000000,0.5,0
321100000000,0.5,0
321200000000,0.5,0
321300000000,0.5,0
321400000000,0.5,0
321500000000,0.5,0
321600000000,0.5,0
321700000000,0.5,0
321800000000,0.5,0
321900000000,0.5,0
322000000000,0.5,0
322100000000,0,1
322300000000,0.5,0
322800000000,0.5,0
322900000000,0.5,0
323000000000,0.5,0
323100000000,0.5,0
323200000000,0.5,0
323300000000,0.5,0
323400000000,0.5,0
323500000000,0.5,0
323600000000,0.5,0
323700000000,0.5,0
323800000000,0.5,0
323900000000,0.5,0
324000000000,0.5,0
324100000000,0.5,0
324200000000,0,-1
324400000000,0.5,0
324500000000,0,-1
324600000000,0.5,0
325100000000,0.5,0
325200000000,0.5,0
325300000000,0.5,0
325400000000,0.5,0
325500000000,0.5,0
325600000000,0.5,0
325700000000,0.5,0
325800000000,0.5,0
325900000000,0.5,0
326000000000,0.5,0
326100000000,0.5,0
326200000000,0.5,0
326300000000,0.5,0
326400000000,0.5,0
326500000000,0.5,0
326600000000,0.5,0
326700000000,0.5,0
326800000000,0.5,0
326900000000,0.5,0
327000000000,0.5,0
327100000000,0.5,-1
327500000000,0.5,-1
327600000000,0.5,-1
327700000000,0.5,-1
327800000000,0.5,-1
327900000000,0.5,0
328300000000,0.5,0
328400000000,0.5,0
328500000000,0.5,0
328600000000,0.5,0
328700000000,0.5,0
328800000000,0.5,0
328900000000,0.5,0
329000000000,0.5,0
329100000000,0.5,0
329200000000,0.5,0
329300000000,0.5,0
329400000000,0.5,0
329500000000,0.5,0
329600000000,0.5,0
329700000000,0.5,0
329800000000,0.5,0
329900000000,0.5,0
330000000000,0.5,0
330100000000,0.5,0
330200000000,0.5,0
330300000000,0.5,0
330400000000,0.5,0
330500000000,0.5,0
330600000000,0.5,0
330700000000,0.5,0
330800000000,0,-1
331300000000,0.5,0
331800000000,0.5,0
331900000000,0.5,0
332000000000,0.5,0
332100000000,0.5,0
332200000000,0.5,0
332300000000,0.5,0
332400000000,0.5,0
332500000000,0.5,0
332600000000,0.5,0
332700000000,0.5,0
332800000000,0.5,0
332900000000,0.5,0
333000000000,0.5,0
333100000000,0.5,0
333200000000,0.5,0
333300000000,0.5,0
333400000000,0.5,0
333500000000,0.5,0
333600000000,0.5,0
333700000000,0.5,0
333800000000,0.5,0
333900000000,0.5,0
334000000000,0.5,0
334100000000,0.5,0
334200000000,0.5,0
334400000000,0,-1
334800000000,0.5,0
335300000000,0.5,0
335400000000,0.5,0
335500000000,0.5,0
335600000000,0.5,0
335700000000,0.5,0
335800000000,0.5,0
335900000000,0.5,0
336000000000,0,-1
336500000000,0.5,0
337000000000,0.5,0
337100000000,0.5,0
337200000000,0.5,0
337300000000,0.5,0
337400000000,0.5,0
337500000000,0.5,0
337600000000,0.5,0
337700000000,0,-1
338200000000,0,-1
338300000000,0.5,0
338800000000,0.5,0
338900000000,0.5,0
339000000000,0.5,0
339100000000,0.5,0
339200000000,0.5,0
339300000000,0.5,0
339400000000,0.5,0
339500000000,0.5,0
339600000000,0.5,0
339700000000,0.5,0
339800000000,0.5,0
339900000000,0,-1
340200000000,0.5,0
340700000000,0.5,0
340800000000,0.5,0
340900000000,0.5,0
341000000000,0.5,0
341100000000,0.5,0
341200000000,0.5,0
341300000000,0.5,0
341400000000,0.5,0
341500000000,0.5,0
341600000000,0.5,0
341700000000,0.5,0
341800000000,0.5,0
341900000000,0.5,0
342000000000,0.5,0
342100000000,0.5,0
342200000000,0,-1
342400000000,0.5,0
342900000000,0.5,0
343000000000,0.5,0
343100000000,0.5,0
343200000000,0.5,0
343300000000,0.5,0
343400000000,0.5,0
343500000000,0.5,0
343600000000,0.5,0
343800000000,0.5,0
343900000000,0.5,0
344000000000,0.5,0
344100000000,0.5,0
344200000000,0.5,0
344300000000,0.5,0
344400000000,0.5,0
344500000000,0.5,0
344600000000,0.5,0
344700000000,0.5,0
344800000000,0.5,0
344900000000,0.5,0
345000000000,0.5,0
345100000000,0.5,0
345200000000,0.5,0
345300000000,0.5,0
345400000000,0.5,0
345500000000,0.5,0
345600000000,0.5,0
345700000000,0.5,0
345800000000,0.5,0
345900000000,0.5,0
346000000000,0.5,0
346100000000,0.5,0
346200000000,0.5,0
346300000000,0.5,0
346400000000,0.5,0
346500000000,0.5,0
346600000000,0.5,0
346700000000,0.5,0
346800000000,0.5,0
346900000000,0.5,0
347000000000,0.5,0
347100000000,0.5,0
347200000000,0.5,0
347300000000,0.5,0
347400000000,0.5,0
347500000000,0.5,0
347600000000,0,1
347900000000,0.5,0
348400000000,0.5,0
348500000000,0.5,0
348600000000,0.5,0
348700000000,0.5,0
348800000000,0.5,0
348900000000,0.5,0
349000000000,0.5,0
349100000000,0.5,0
349200000000,0.5,0
349300000000,0.5,0
349400000000,0.5,0
349500000000,0.5,0
349600000000,0.5,0
349700000000,0.5,0
349800000000,0.5,0
349900000000,0.5,0
350000000000,0.5,0
350100000000,0.5,0
350200000000,0.5,0
350300000000,0.5,0
350400000000,0.5,0
350500000000,0.5,0
350600000000,0.5,0
350700000000,0.5,0
350800000000,0.5,0
350900000000,0.5,0
351000000000,0.5,0
351100000000,0,-1
351300000000,0.5,0
351800000000,0.5,0
351900000000,0.5,0
352000000000,0.5,0
352100000000,0.5,0
352200000000,0.5,0
352300000000,0.5,0
352400000000,0.5,0
352500000000,0.5,0
352600000000,0.5,0
352700000000,0.5,0
352800000000,0.5,0
352900000000,0.5,0
353000000000,0.5,0
353100000000,0.5,0
353200000000,0.5,0
353300000000,0.5,0
353400000000,0.5,0
353500000000,0.5,0
353600000000,0.5,0
353700000000,0.5,0
353800000000,0.5,0
353900000000,0.5,0
354000000000,0.5,0
354100000000,0.5,0
354200000000,0.5,0
354300000000,0.5,0
354400000000,0.5,0
354500000000,0.5,0
354600000000,0.5,0
354700000000,0.5,0
354800000000,0.5,0
354900000000,0.5,0
355000000000,0.5,0
355100000000,0.5,0
355200000000,0.5,0
355300000000,0.5,0
355400000000,0.5,0
355500000000,0.5,0
355700000000,0.5,0
355800000000,0.5,0
355900000000,0.5,0
356000000000,0.5,0
356100000000,0.5,0
356200000000,0.5,0
356300000000,0.5,0
356400000000,0.5,0
356500000000,0.5,0
356600000000,0.5,0
356700000000,0.5,0
356800000000,0.5,0
356900000000,0.5,0
357000000000,0.5,0
357100000000,0.5,0
357200000000,0,-1
357500000000,0,-1
358000000000,0.5,0
358500000000,0.5,0
358600000000,0.5,0
358700000000,0.5,0
358800000000,0.5,0
358900000000,0.5,0
359000000000,0.5,0
359100000000,0.5,0
359200000000,0.5,0
359800000000,0.5,0
360200000000,0.5,0
360300000000,0.5,0
360400000000,0.5,0
360500000000,0.5,0
360600000000,0.5,0
360700000000,0,1
361200000000,0,1
361300000000,0,1
361400000000,0,1
361500000000,0.5,0
362000000000,0.5,0
362100000000,0.5,0
362200000000,0,1
362700000000,0,1
362800000000,0.5,0
363300000000,0.5,0
363400000000,0.5,0
363500000000,0.5,0
363600000000,0.5,0
363700000000,0.5,0
363800000000,0.5,0
363900000000,0.5,0
364000000000,0.5,0
364100000000,0.5,0
364200000000,0.5,0
364300000000,0.5,0
364400000000,0.5,0
364500000000,0.5,0
364600000000,0.5,0
364700000000,0.5,0
364800000000,0.5,0
364900000000,0.5,0
365000000000,0.5,0
365100000000,0.5,0
365200000000,0.5,0
365300000000,0.5,0
365400000000,0.5,0
365500000000,0.5,0
365600000000,0.5,0
371600000000,0.5,0
372000000000,0.5,0
372100000000,0.5,0
372200000000,0.5,0
372300000000,0.5,0
372400000000,0.5,0
372500000000,0.5,0
372600000000,0.5,0
372700000000,0.5,0
372900000000,0.5,0
373000000000,0.5,0
373100000000,0.5,0
373200000000,0.5,0
373300000000,0.5,0
373400000000,0.5,0
373500000000,0.5,0
373600000000,0.5,0
373700000000,0.5,0
373800000000,0.5,0
373900000000,0.5,0
374000000000,0.5,0
374100000000,0.5,0
374200000000,0.5,0
374300000000,0.5,0
374400000000,0.5,0
374500000000,0.5,0
374600000000,0.5,0
374700000000,0.5,0
374800000000,0.5,0
374900000000,0.5,0
375000000000,0.5,0
375100000000,0.5,0
375200000000,0.5,0
375400000000,0.5,0
375500000000,0.5,0
375600000000,0.5,0
375700000000,0.5,0
375800000000,0.5,0
375900000000,0.5,0
376000000000,0.5,0
376100000000,0.5,0
376200000000,0.5,0
376300000000,0.5,0
376400000000,0.5,0
376500000000,0.5,0
376600000000,0.5,0
376700000000,0.5,0
376900000000,0.5,0
377000000000,0.5,0
377100000000,0,1
377600000000,0,1
377700000000,0,1
377800000000,0,1
377900000000,0.5,0
378400000000,0.5,0
378500000000,0.5,0
378600000000,0.5,0
378700000000,0.5,0
378800000000,0.5,0
378900000000,0.5,0
379000000000,0,-1
379400000000,0,-1
380100000000,0,-1
380300000000,0.5,0
380700000000,0.5,0
380900000000,0.5,0
381000000000,0.5,0
381100000000,0.5,0
381200000000,0.5,0
381300000000,0.5,0
381400000000,0,1
381900000000,0,1
382000000000,0,1
382100000000,0,1
382200000000,0,1
382300000000,0,1
382400000000,0,1
382500000000,0.5,0
383000000000,0.5,0
383100000000,0.5,0
383200000000,0.5,0
383300000000,0.5,0
383400000000,0,1
383900000000,0,1
384000000000,0,1
384100000000,0,1
384200000000,0,1
384300000000,0.5,0
384800000000,0.5,0
384900000000,0.5,0
385000000000,0.5,0
385100000000,0.5,0
385200000000,0.5,0
385300000000,0.5,0
385400000000,0.5,0
385500000000,0.5,0
385600000000,0.5,0
385700000000,0.5,0
385800000000,0.5,0
385900000000,0.5,0
386000000000,0.5,0
386100000000,0.5,0
386200000000,0.5,0
386300000000,0.5,0
386400000000,0.5,0
386500000000,0.5,0
386600000000,0.5,0
386700000000,0.5,0
386800000000,0.5,0
386900000000,0.5,0
387000000000,0.5,0
387100000000,0.5,0
387200000000,0,1
387600000000,0.5,0
388100000000,0.5,0
388200000000,0.5,0
388300000000,0.5,0
388400000000,0.5,0
388500000000,0.5,0
388600000000,0.5,0
388700000000,0.5,0
388900000000,0.5,0
389000000000,0.5,0
389100000000,0.5,0
389200000000,0.5,0
389300000000,0.5,0
389400000000,0.5,0
389500000000,0.5,0
389600000000,0.5,0
389800000000,0.5,0
389900000000,0.5,0
390000000000,0.5,0
390100000000,0.5,0
390200000000,0.5,0
390300000000,0.5,0
390400000000,0.5,0
390500000000,0.5,0
390600000000,0.5,0
390700000000,0.5,0
390800000000,0.5,0
390900000000,0.5,0
391000000000,0.5,0
391100000000,0.5,0
391200000000,0.5,0
391300000000,0.5,0
391400000000,0.5,0
391500000000,0.5,0
391600000000,0.5,0
391700000000,0.5,0
391800000000,0.5,0
391900000000,0.5,0
392000000000,0.5,0
392100000000,0.5,0
392200000000,0.5,0
392300000000,0.5,0
392400000000,0.5,0
392500000000,0.5,0
392600000000,0.5,0
392700000000,0.5,0
392800000000,0.5,0
392900000000,0.5,0
393000000000,0.5,0
393100000000,0.5,0
393200000000,0.5,0
393300000000,0.5,0
393400000000,0.5,0
393500000000,0.5,0
393600000000,0.5,0
393700000000,0.5,0
393800000000,0.5,0
393900000000,0.5,0
394000000000,0.5,0
394100000000,0.5,0
394200000000,0.5,0
394300000000,0.5,0
394400000000,0.5,0
394500000000,0.5,0
394600000000,0.5,0
394700000000,0.5,0
394800000000,0.5,0
394900000000,0.5,0
395000000000,0.5,0
395100000000,0.5,0
395200000000,0.5,0
395300000000,0.5,0
395400000000,0.5,0
395500000000,0.5,0
395600000000,0.5,0
395700000000,0.5,0
395800000000,0.5,0
395900000000,0,-1
396300000000,0.5,0
396800000000,0.5,0
396900000000,0.5,0
397000000000,0.5,0
397100000000,0.5,0
397200000000,0.5,0
397300000000,0.5,0
397400000000,0.5,0
397500000000,0.5,0
397600000000,0.5,0
397700000000,0.5,0
397800000000,0.5,0
397900000000,0.5,0
398000000000,0.5,0
398100000000,0.5,0
398200000000,0.5,0
398300000000,0,1
398600000000,0.5,0
399100000000,0.5,0
399200000000,0.5,0
399300000000,0.5,0
399400000000,0.5,0
399500000000,0.5,0
399600000000,0,-1
400100000000,0,-1
400200000000,0.5,0
400700000000,0.5,0
400800000000,0.5,0
400900000000,0.5,0
401000000000,0.5,0
401100000000,0.5,0
401200000000,0.5,0
401300000000,0.5,0
401400000000,0.5,0
401500000000,0.5,0
401600000000,0.5,0
401700000000,0.5,0
401800000000,0.5,0
401900000000,0.5,0
402000000000,0.5,0
402100000000,0.5,0
402200000000,0.5,0
402300000000,0,1
402900000000,0,1
403000000000,0.5,0
403500000000,0.5,0
403600000000,0.5,0
403700000000,0.5,0
403800000000,0.5,0
403900000000,0.5,0
404000000000,0.5,0
404100000000,0.5,0
404200000000,0.5,0
404300000000,0.5,0
404400000000,0.5,0
404500000000,0.5,0
404600000000,0.5,0
404700000000,0.5,0
404800000000,0.5,0
404900000000,0.5,0
405000000000,0.5,0
405100000000,0.5,0
405200000000,0.5,0
405300000000,0,1
405800000000,0,1
405900000000,0,1
406600000000,0.5,0
406700000000,0.5,0
406800000000,0.5,0
406900000000,0.5,0
407000000000,0.5,0
407100000000,0.5,0
407200000000,0.5,0
407300000000,0.5,0
407400000000,0.5,0
407600000000,0.5,0
407700000000,0.5,0
407800000000,0.5,0
407900000000,0.5,0
408000000000,0.5,0
408100000000,0.5,0
408200000000,0.5,0
408300000000,0.5,0
408400000000,0.5,0
408500000000,0.5,0
408600000000,0.5,0
408700000000,0.5,0
408800000000,0.5,0
408900000000,0.5,0
409000000000,0.5,0
409100000000,0,-1
409500000000,0.5,0
410000000000,0.5,0
410100000000,0.5,0
410200000000,0.5,0
410300000000,0.5,0
410400000000,0.5,0
410500000000,0.5,0
410600000000,0.5,0
410700000000,0.5,0
410800000000,0.5,0
410900000000,0.5,0
411000000000,0.5,0
411100000000,0.5,0
411200000000,0.5,0
411300000000,0,1
411800000000,0.5,0
412300000000,0.5,0
412400000000,0.5,0
412500000000,0.5,0
412600000000,0.5,0
412700000000,0.5,0
412800000000,0.5,0
412900000000,0.5,0
413000000000,0.5,0
413100000000,0.5,0
413200000000,0.5,0
413300000000,0.5,0
413400000000,0.5,0
413500000000,0.5,0
413600000000,0.5,0
413700000000,0.5,0
413800000000,0,1
414100000000,0.5,0
414600000000,0.5,0
414700000000,0.5,0
414800000000,0.5,0
414900000000,0.5,0
415000000000,0.5,0
415100000000,0.5,0
415200000000,0.5,0
415300000000,0.5,0
415400000000,0.5,0
415500000000,0.5,0
415600000000,0.5,0
415700000000,0.5,0
415800000000,0.5,0
415900000000,0.5,0
416000000000,0.5,0
416100000000,0.5,0
416200000000,0.5,0
416300000000,0.5,0
416400000000,0.5,0
416500000000,0.5,0
416600000000,0,1
416900000000,0.5,0
417400000000,0.5,0
417500000000,0.5,0
417600000000,0.5,0
417700000000,0.5,0
417800000000,0.5,0
417900000000,0.5,0
418000000000,0.5,0
418100000000,0.5,0
418200000000,0.5,0
418300000000,0.5,0
418400000000,0.5,0
418500000000,0.5,0
418600000000,0.5,0
418700000000,0.5,0
418800000000,0.5,0
418900000000,0.5,0
419000000000,0.5,0
419200000000,0.5,0
419300000000,0.5,0
419400000000,0.5,0
419500000000,0.5,0
419600000000,0.5,0
419700000000,0.5,0
419800000000,0.5,0
419900000000,0.5,0
420000000000,0.5,0
420100000000,0.5,0
420200000000,0.5,0
420300000000,0,1
420600000000,0.5,0
421100000000,0.5,0
421200000000,0.5,0
421300000000,0.5,0
421400000000,0.5,0
421500000000,0.5,0
421600000000,0.5,0
421700000000,0.5,0
421800000000,0.5,0
421900000000,0.5,0
422000000000,0.5,0
422100000000,0.5,0
422200000000,0.5,0
422300000000,0.5,0
422400000000,0.5,0
422500000000,0.5,0
422600000000,0.5,0
422700000000,0.5,0
422800000000,0.5,0
422900000000,0.5,0
423000000000,0.5,0
423100000000,0.5,0
423200000000,0.5,0
423300000000,0.5,0
423400000000,0.5,0
423500000000,0.5,0
423600000000,0.5,0
423700000000,0.5,0
423900000000,0.5,0
424000000000,0.5,0
424100000000,0.5,0
424200000000,0.5,0
424300000000,0.5,0
424400000000,0.5,0
424500000000,0.5,0
424600000000,0.5,0
424700000000,0.5,0
424800000000,0.5,0
424900000000,0.5,0
425000000000,0.5,0
425100000000,0.5,0
425200000000,0.5,0
425300000000,0.5,0
425400000000,0.5,0
425500000000,0.5,0
425600000000,0.5,0
425700000000,0.5,0
425800000000,0.5,0
425900000000,0.5,0
426000000000,0.5,0
426200000000,0,1
426700000000,0,1
426800000000,0.5,0
427300000000,0.5,0
427400000000,0.5,0
427500000000,0.5,0
427600000000,0.5,0
427700000000,0,-1
427900000000,0.5,0
428400000000,0.5,0
428500000000,0.5,0
428600000000,0.5,0
428700000000,0.5,0
428800000000,0.5,0
428900000000,0.5,0
429000000000,0.5,0
429100000000,0.5,0
429200000000,0.5,0
429300000000,0.5,0
429400000000,0.5,0
429500000000,0.5,0
429600000000,0.5,0
429700000000,0.5,0
429800000000,0.5,0
429900000000,0.5,0
430000000000,0.5,0
430100000000,0.5,0
430200000000,0.5,0
430300000000,0.5,0
430400000000,0.5,0
430500000000,0.5,0
430600000000,0.5,0
430700000000,0.5,0
430800000000,0.5,0
430900000000,0.5,0
431000000000,0.5,0
431100000000,0.5,0
431200000000,0.5,0
431300000000,0.5,0
431400000000,0.5,0
431500000000,0.5,0
431600000000,0.5,0
431700000000,0.5,0
431800000000,0.5,0
431900000000,0.5,0
432000000000,0.5,0
432100000000,0.5,0
432200000000,0.5,0
432300000000,0.5,0
432400000000,0.5,0
432500000000,0.5,0
432600000000,0.5,0
432700000000,0.5,0
432800000000,0.5,0
432900000000,0.5,0
433000000000,0.5,0
433100000000,0.5,0
433200000000,0.5,0
433300000000,0.5,0
433400000000,0.5,0
433500000000,0.5,0
433600000000,0.5,0
433800000000,0.5,0
433900000000,0.5,0
434000000000,0.5,0
434100000000,0.5,0
434200000000,0.5,0
434400000000,0.5,0
434500000000,0.5,0
434600000000,0.5,0
434700000000,0.5,0
434800000000,0.5,0
434900000000,0.5,0
435000000000,0.5,0
435100000000,0.5,0
435200000000,0.5,0
435300000000,0.5,0
435400000000,0.5,0
435500000000,0.5,0
435600000000,0.5,0
435700000000,0.5,0
435800000000,0.5,0
435900000000,0.5,0
436000000000,0.5,0
436100000000,0.5,0
436200000000,0.5,0
436300000000,0.5,0
436400000000,0.5,0
436500000000,0.5,0
436600000000,0.5,0
436700000000,0.5,0
436800000000,0.5,0
436900000000,0.5,0
437000000000,0.5,0
437100000000,0,-1
437500000000,0.5,0
438000000000,0.5,0
438100000000,0.5,0
438200000000,0.5,0
438400000000,0.5,0
438500000000,0.5,0
438600000000,0.5,0
438700000000,0.5,0
438800000000,0.5,0
438900000000,0.5,0
439000000000,0.5,0
439100000000,0.5,0
439200000000,0.5,0
439300000000,0.5,0
439400000000,0.5,0
439500000000,0.5,0
439600000000,0.5,0
439700000000,0.5,0
439800000000,0.5,0
439900000000,0.5,0
440000000000,0.5,0
440100000000,0.5,0
440200000000,0.5,0
440600000000,0.5,0
441100000000,0.5,0
441200000000,0.5,0
441300000000,0.5,0
441400000000,0.5,0
441500000000,0.5,0
441600000000,0.5,0
441700000000,0.5,0
441800000000,0.5,0
441900000000,0.5,0
442000000000,0.5,0
442100000000,0.5,0
442200000000,0.5,0
442300000000,0.5,0
442400000000,0.5,0
442500000000,0.5,0
442600000000,0.5,0
442700000000,0.5,0
442800000000,0.5,0
442900000000,0.5,0
443000000000,0.5,0
443100000000,0.5,0
443200000000,0.5,0
443300000000,0.5,0
443400000000,0.5,0
443500000000,0.5,0
443600000000,0.5,0
443700000000,0.5,0
443800000000,0.5,0
443900000000,0.5,0
444000000000,0.5,0
444100000000,0.5,0
444200000000,0.5,0
444300000000,0.5,0
444400000000,0.5,0
444600000000,0.5,0
444700000000,0.5,0
444800000000,0.5,0
444900000000,0.5,0
445000000000,0.5,0
445100000000,0.5,0
445200000000,0.5,0
445300000000,0.5,0
445400000000,0.5,0
445600000000,0.5,0
445700000000,0.5,0
445800000000,0.5,0
445900000000,0.5,0
446000000000,0.5,0
446100000000,0.5,0
446200000000,0.5,0
446300000000,0.5,0
446400000000,0.5,0
446500000000,0.5,0
446600000000,0,1
446900000000,0.5,0
447400000000,0.5,0
447500000000,0.5,0
447600000000,0.5,0
447700000000,0.5,0
447800000000,0.5,0
447900000000,0.5,0
448000000000,0.5,0
448100000000,0.5,0
448200000000,0.5,0
448300000000,0.5,0
448400000000,0.5,0
448500000000,0.5,0
448600000000,0.5,0
448700000000,0.5,0
448800000000,0.5,0
448900000000,0.5,0
449000000000,0.5,0
449100000000,0.5,0
449200000000,0.5,0
449300000000,0.5,0
449400000000,0.5,0
449500000000,0.5,0
449600000000,0.5,0
449700000000,0.5,0
449800000000,0.5,0
449900000000,0.5,0
450100000000,0.5,0
450200000000,0.5,0
450300000000,0.5,0
450400000000,0.5,0
450500000000,0.5,0
450600000000,0.5,0
450700000000,0.5,0
450800000000,0.5,0
450900000000,0.5,0
451000000000,0.5,0
451100000000,0.5,0
451200000000,0.5,0
451300000000,0.5,0
451400000000,0.5,0
451500000000,0.5,0
451600000000,0.5,0
451700000000,0.5,0
451800000000,0,1
452200000000,0.5,0
452700000000,0.5,0
452800000000,0.5,0
452900000000,0.5,0
453000000000,0.5,0
453100000000,0.5,0
453200000000,0.5,0
453300000000,0.5,0
453400000000,0.5,0
453500000000,0.5,0
453600000000,0.5,0
453700000000,0.5,0
453800000000,0.5,0
453900000000,0.5,0
454000000000,0.5,0
454100000000,0.5,0
454200000000,0.5,0
454300000000,0,-1
454800000000,0,-1
454900000000,0.5,0
455400000000,0.5,0
455500000000,0.5,0
455600000000,0.5,0
455700000000,0.5,0
455800000000,0.5,0
455900000000,0.5,0
456000000000,0.5,0
456100000000,0.5,0
456200000000,0.5,0
456300000000,0,-1
456600000000,0.5,0
457100000000,0.5,0
457200000000,0.5,0
457300000000,0.5,0
457400000000,0.5,0
457500000000,0.5,0
457600000000,0.5,0
457700000000,0,1
458400000000,0.5,0
458600000000,0,1
459000000000,0.5,0
459500000000,0.5,0
459600000000,0.5,0
459700000000,0,1
460200000000,0.5,0
460700000000,0.5,0
460800000000,0.5,0
460900000000,0.5,0
461000000000,0.5,0
461100000000,0.5,0
461200000000,0.5,0
461300000000,0.5,0
461400000000,0.5,0
461500000000,0.5,0
461600000000,0.5,0
461700000000,0.5,0
461800000000,0.5,0
461900000000,0.5,0
462000000000,0.5,0
462100000000,0.5,0
462200000000,0.5,0
462300000000,0.5,0
462400000000,0.5,0
462500000000,0.5,0
462600000000,0.5,0
462700000000,0.5,0
462800000000,0.5,0
463000000000,0.5,0
463100000000,0.5,0
463200000000,0.5,0
463300000000,0.5,0
463400000000,0.5,0
463500000000,0.5,0
463600000000,0.5,0
463700000000,0.5,0
463800000000,0.5,0
463900000000,0.5,0
464000000000,0.5,0
464100000000,0.5,0
464200000000,0.5,0
464300000000,0.5,0
464400000000,0.5,0
464500000000,0.5,0
464600000000,0.5,0
464700000000,0.5,0
464800000000,0.5,0
464900000000,0.5,0
465000000000,0.5,0
465100000000,0.5,0
465200000000,0.5,0
465300000000,0.5,0
465400000000,0.5,0
465500000000,0.5,0
465600000000,0.5,0
465700000000,0.5,0
465800000000,0.5,0
465900000000,0.5,0
466000000000,0.5,0
466100000000,0.5,0
466200000000,0.5,0
466300000000,0.5,0
466400000000,0.5,0
466500000000,0.5,0
466600000000,0.5,0
466700000000,0.5,0
466800000000,0.5,0
466900000000,0.5,0
467000000000,0.5,0
467100000000,0.5,0
467200000000,0.5,0
467300000000,0.5,0
467400000000,0.5,0
467500000000,0.5,0
467600000000,0.5,0
467700000000,0.5,0
467800000000,0.5,0
467900000000,0.5,0
468000000000,0.5,0
468100000000,0.5,0
468200000000,0.5,0
468300000000,0.5,0
468400000000,0.5,0
468500000000,0.5,0
468600000000,0.5,0
468700000000,0.5,0
468800000000,0.5,0
468900000000,0.5,0
469000000000,0.5,0
469100000000,0,1
469300000000,0.5,0
469800000000,0.5,0
469900000000,0.5,0
470000000000,0.5,0
470100000000,0.5,0
470200000000,0.5,0
470300000000,0.5,0
470400000000,0.5,0
470500000000,0.5,0
470600000000,0.5,0
470700000000,0.5,0
470800000000,0.5,0
470900000000,0.5,0
471000000000,0,1
471200000000,0.5,0
471700000000,0.5,0
471800000000,0.5,0
471900000000,0.5,0
472000000000,0.5,0
472100000000,0.5,0
472200000000,0.5,0
472300000000,0.5,0
472400000000,0.5,0
472500000000,0.5,0
472600000000,0.5,0
472700000000,0.5,0
472800000000,0.5,0
472900000000,0.5,0
473000000000,0.5,0
473100000000,0.5,0
473200000000,0.5,0
473300000000,0.5,0
473400000000,0.5,0
473500000000,0.5,0
473600000000,0.5,0
473700000000,0,-1
474000000000,0.5,0
474400000000,0,-1
474700000000,0.5,0
475200000000,0.5,0
475300000000,0.5,0
475400000000,0.5,0
475500000000,0.5,0
475600000000,0.5,0
475700000000,0.5,0
475800000000,0,1
476300000000,0,1
476400000000,0,1
476500000000,0.5,0
477000000000,0.5,0
477100000000,0.5,0
477200000000,0.5,0
477300000000,0.5,0
477400000000,0.5,0
477500000000,0.5,0
477600000000,0.5,0
477700000000,0.5,0
477800000000,0.5,0
477900000000,0.5,0
478000000000,0.5,0
478200000000,0.5,0
478300000000,0.5,0
478400000000,0.5,0
478600000000,0.5,0
478700000000,0.5,0
478800000000,0.5,0
478900000000,0.5,0
479100000000,0.5,0
479200000000,0.5,0
479300000000,0.5,0
479400000000,0.5,0
479500000000,0.5,0
479600000000,0.5,0
479700000000,0.5,0
479800000000,0.5,0
479900000000,0.5,0
480000000000,0.5,0
480100000000,0.5,0
480200000000,0.5,0
480300000000,0.5,0
480400000000,0.5,0
480500000000,0.5,0
480600000000,0.5,0
480700000000,0.5,0
480800000000,0.5,0
480900000000,0.5,0
481000000000,0.5,0
481100000000,0.5,0
481200000000,0.5,0
481300000000,0.5,0
481400000000,0.5,0
481500000000,0.5,0
481600000000,0.5,0
481700000000,0.5,0
481800000000,0.5,0
482000000000,0.5,0
482100000000,0.5,0
482200000000,0.5,0
482300000000,0.5,0
482400000000,0.5,0
482500000000,0.5,0
482600000000,0.5,0
482700000000,0.5,0
482800000000,0.5,0
482900000000,0.5,0
483000000000,0.5,0
483100000000,0.5,0
483200000000,0.5,0
483300000000,0.5,0
483400000000,0.5,0
483500000000,0.5,0
483600000000,0.5,0
483700000000,0.5,0
483800000000,0.5,0
483900000000,0.5,0
484000000000,0.5,0
484100000000,0.5,0
484200000000,0.5,0
484300000000,0.5,0
484400000000,0.5,0
484500000000,0.5,0
484600000000,0.5,0
484700000000,0.5,0
484800000000,0.5,0
484900000000,0.5,0
485000000000,0.5,0
485200000000,0.5,0
485300000000,0.5,0
485400000000,0.5,0
485500000000,0.5,0
485600000000,0.5,0
485700000000,0.5,0
485800000000,0.5,0
485900000000,0.5,0
486000000000,0.5,0
486100000000,0.5,0
486200000000,0.5,0
486300000000,0.5,0
486400000000,0,1
486900000000,0,1
487000000000,0.5,0
487500000000,0.5,0
487600000000,0.5,0
487700000000,0.5,0
487800000000,0.5,0
487900000000,0.5,0
488000000000,0.5,0
488100000000,0.5,0
488200000000,0.5,0
488300000000,0,1
488600000000,0.5,0
489100000000,0.5,0
489200000000,0.5,0
489300000000,0.5,0
489400000000,0.5,0
489500000000,0.5,0
489600000000,0.5,0
489700000000,0.5,0
489800000000,0.5,0
489900000000,0.5,0
490000000000,0.5,0
490100000000,0.5,0
490200000000,0.5,0
490300000000,0.5,0
490400000000,0.5,0
490500000000,0.5,0
490600000000,0.5,0
490700000000,0.5,0
490800000000,0.5,0
490900000000,0.5,0
491000000000,0.5,0
491100000000,0.5,0
491200000000,0.5,0
491300000000,0.5,0
491400000000,0.5,0
491500000000,0.5,0
491600000000,0.5,0
491800000000,0.5,0
491900000000,0.5,0
492000000000,0.5,0
492100000000,0.5,0
492200000000,0.5,0
492300000000,0.5,0
492400000000,0.5,0
492500000000,0.5,0
492600000000,0.5,0
492700000000,0.5,0
492800000000,0.5,0
492900000000,0.5,0
493000000000,0.5,0
493100000000,0.5,0
493200000000,0,1
493600000000,0.5,0
494100000000,0.5,0
494200000000,0.5,0
494300000000,0.5,0
494400000000,0.5,0
494500000000,0.5,0
494600000000,0.5,0
494700000000,0.5,0
494800000000,0.5,0
494900000000,0.5,0
495000000000,0.5,0
495100000000,0.5,0
495200000000,0.5,0
495300000000,0.5,0
495400000000,0.5,0
495500000000,0.5,0
495600000000,0.5,0
495700000000,0.5,0
495800000000,0.5,0
495900000000,0.5,0
496000000000,0.5,0
496100000000,0.5,0
496200000000,0.5,0
496300000000,0.5,0
496400000000,0.5,0
496500000000,0.5,0
496600000000,0.5,0
496700000000,0.5,0
496800000000,0.5,0
497000000000,0.5,0
497100000000,0.5,0
497200000000,0.5,0
497300000000,0.5,0
497400000000,0.5,0
497500000000,0.5,0
497600000000,0,1
498000000000,0.5,0
498500000000,0.5,0
498600000000,0.5,0
498700000000,0.5,0
498800000000,0.5,0
498900000000,0.5,0
499000000000,0.5,0
499100000000,0.5,0
499200000000,0.5,0
499300000000,0.5,0
499500000000,0.5,0
499600000000,0.5,0
499700000000,0.5,0
499800000000,0.5,0
499900000000,0.5,0
500000000000,0,1
500500000000,0.5,0
500600000000,0.5,0
501100000000,0.5,0
501200000000,0.5,0
501300000000,0.5,0
501400000000,0.5,0
501500000000,0.5,0
501600000000,0.5,0
501700000000,0.5,0
501800000000,0.5,0
501900000000,0.5,0
502000000000,0.5,0
502100000000,0.5,0
502200000000,0.5,0
502300000000,0.5,0
502400000000,0.5,0
502500000000,0.5,0
502600000000,0.5,0
502700000000,0.5,0
502800000000,0.5,0
502900000000,0.5,0
503000000000,0.5,0
503100000000,0.5,0
503200000000,0,1
503600000000,0.5,0
504100000000,0.5,0
504200000000,0.5,0
504300000000,0.5,0
504400000000,0.5,0
504500000000,0.5,0
504600000000,0.5,0
504800000000,0.5,0
504900000000,0.5,0
505000000000,0.5,0
505100000000,0.5,0
505200000000,0,1
505600000000,0.5,0
506100000000,0.5,0
506200000000,0.5,0
506300000000,0.5,0
506500000000,0.5,0
506600000000,0.5,0
506700000000,0.5,0
506800000000,0.5,0
506900000000,0.5,0
507000000000,0.5,0
507100000000,0.5,0
507200000000,0.5,0
507300000000,0,1
507600000000,0.5,0
508100000000,0.5,0
508200000000,0.5,0
508300000000,0.5,0
508400000000,0.5,0
508500000000,0.5,0
508600000000,0.5,0
508700000000,0.5,0
508800000000,0.5,0
508900000000,0.5,0
509000000000,0.5,0
509100000000,0.5,0
509200000000,0.5,0
509300000000,0.5,0
509400000000,0.5,0
509500000000,0.5,0
509600000000,0.5,0
509700000000,0.5,0
509800000000,0.5,0
509900000000,0.5,0
510000000000,0.5,0
510100000000,0.5,0
510200000000,0.5,0
510300000000,0.5,0
510400000000,0.5,0
510500000000,0.5,0
510600000000,0.5,0
510700000000,0.5,0
510800000000,0.5,0
510900000000,0.5,0
511000000000,0.5,0
511100000000,0.5,0
511200000000,0.5,0
511300000000,0,1
511600000000,0.5,0
512100000000,0.5,0
512200000000,0.5,0
512300000000,0.5,0
512400000000,0.5,0
512500000000,0.5,0
512600000000,0.5,0
512700000000,0.5,0
512800000000,0.5,0
512900000000,0.5,0
513000000000,0.5,0
513100000000,0.5,0
513200000000,0.5,0
513300000000,0.5,0
513400000000,0.5,0
513500000000,0.5,0
513600000000,0.5,0
513700000000,0.5,0
513800000000,0.5,0
513900000000,0.5,0
514000000000,0.5,0
514100000000,0.5,0
514200000000,0.5,0
514300000000,0.5,0
514400000000,0.5,0
514500000000,0.5,0
514600000000,0.5,0
514700000000,0.5,0
514800000000,0.5,0
514900000000,0,-1
515200000000,0.5,0
515700000000,0.5,0
515800000000,0.5,0
515900000000,0.5,0
516000000000,0.5,0
516100000000,0.5,0
516200000000,0.5,0
516300000000,0.5,0
516400000000,0.5,0
516500000000,0.5,0
516600000000,0.5,0
516700000000,0.5,0
516800000000,0.5,0
516900000000,0.5,0
517000000000,0.5,0
517100000000,0.5,0
517200000000,0.5,0
517300000000,0.5,0
517400000000,0.5,0
517500000000,0.5,0
517600000000,0,-1
517900000000,0.5,0
518300000000,0.5,0
518400000000,0.5,0
518500000000,0.5,0
518600000000,0.5,0
518700000000,0.5,0
519000000000,0,1
519500000000,0.5,0
520000000000,0.5,0
520100000000,0.5,0
520200000000,0.5,0
520300000000,0.5,0
520500000000,0.5,0
520600000000,0.5,0
520700000000,0.5,0
520800000000,0.5,0
520900000000,0.5,0
521000000000,0,-1
521500000000,0.5,0
522000000000,0.5,0
522100000000,0.5,0
522200000000,0.5,0
522300000000,0.5,0
522400000000,0.5,0
522500000000,0.5,0
522600000000,0.5,0
522700000000,0.5,0
522800000000,0.5,0
522900000000,0.5,0
523000000000,0,-1
523500000000,0,-1
523600000000,0.5,0
524100000000,0.5,0
524200000000,0.5,0
524300000000,0.5,0
524400000000,0.5,0
524500000000,0.5,0
524600000000,0.5,0
524700000000,0.5,0
524800000000,0.5,0
524900000000,0.5,0
525000000000,0,-1
525400000000,0.5,0
525900000000,0.5,0
526000000000,0.5,0
526100000000,0.5,0
526200000000,0.5,0
526300000000,0.5,0
526400000000,0.5,0
526500000000,0,-1
527000000000,0.5,0
527500000000,0.5,0
527600000000,0.5,0
527700000000,0.5,0
527800000000,0.5,0
527900000000,0.5,0
528000000000,0.5,0
528100000000,0.5,0
528200000000,0.5,0
528300000000,0,-1
528800000000,0.5,0
529200000000,0.5,0
529300000000,0.5,0
529400000000,0.5,0
529500000000,0.5,0
529600000000,0.5,0
529700000000,0.5,0
529800000000,0.5,0
529900000000,0.5,0
530000000000,0.5,0
530100000000,0.5,0
530200000000,0.5,0
530300000000,0,-1
530800000000,0,-1
530900000000,0,-1
531000000000,0.5,0
531500000000,0.5,0
531600000000,0.5,0
531700000000,0.5,0
531800000000,0.5,0
531900000000,0.5,0
532000000000,0.5,0
532100000000,0.5,0
532200000000,0.5,0
532300000000,0.5,0
532400000000,0.5,0
532500000000,0.5,0
532600000000,0.5,0
532700000000,0.5,0
532800000000,0.5,0
532900000000,0,-1
533200000000,0.5,0
533700000000,0.5,0
533800000000,0.5,0
533900000000,0.5,0
534000000000,0.5,0
534100000000,0.5,0
534200000000,0,1
534700000000,0,1
534800000000,0,1
535500000000,0.5,0
535600000000,0.5,0
535700000000,0.5,0
535800000000,0.5,0
535900000000,0.5,0
536000000000,0.5,0
536200000000,0.5,0
536300000000,0.5,0
536400000000,0,-1
536900000000,0,-1
537000000000,0.5,0
537500000000,0.5,0
537600000000,0.5,0
537700000000,0.5,0
537800000000,0.5,0
537900000000,0.5,0
538000000000,0.5,0
538100000000,0,-1
538600000000,0,-1
538700000000,0.5,0
539200000000,0.5,0
539300000000,0.5,0
539400000000,0.5,0
539500000000,0.5,0
539600000000,0.5,0
539700000000,0.5,0
539800000000,0,-1
540100000000,0.5,0
540600000000,0.5,0
540700000000,0.5,0
540800000000,0.5,0
540900000000,0.5,0
541000000000,0.5,0
541100000000,0.5,0
541200000000,0.5,0
541300000000,0.5,0
541400000000,0.5,0
541500000000,0,-1
541700000000,0.5,0
542200000000,0.5,0
542300000000,0.5,0
542400000000,0.5,0
542500000000,0.5,0
542600000000,0.5,0
542700000000,0,-1
543000000000,0.5,0
543500000000,0.5,0
543600000000,0.5,0
543700000000,0.5,0
543800000000,0.5,0
543900000000,0.5,0
544000000000,0.5,0
544100000000,0.5,0
544200000000,0.5,0
544300000000,0.5,0
544400000000,0.5,0
544500000000,0.5,0
544600000000,0.5,0
544700000000,0.5,0
544800000000,0,-1
545000000000,0.5,0
545500000000,0.5,0
545600000000,0.5,0
545700000000,0.5,0
545800000000,0.5,0
545900000000,0.5,0
546000000000,0.5,0
546100000000,0.5,0
546200000000,0.5,0
546300000000,0.5,0
546400000000,0.5,0
546500000000,0.5,0
546600000000,0.5,0
546700000000,0.5,0
546800000000,0.5,0
546900000000,0.5,0
547000000000,0.5,0
547100000000,0.5,0
547200000000,0.5,0
547300000000,0.5,0
547400000000,0.5,0
547500000000,0.5,0
547600000000,0.5,0
547700000000,0.5,0
547800000000,0.5,0
547900000000,0.5,0
548000000000,0.5,0
548100000000,0.5,0
548200000000,0.5,0
548300000000,0.5,0
548400000000,0.5,0
548500000000,0.5,0
548600000000,0.5,0
548700000000,0.5,0
548800000000,0.5,0
548900000000,0,-1
549400000000,0,-1
549500000000,0.5,0
549900000000,0.5,0
550000000000,0.5,0
550100000000,0.5,0
550200000000,0.5,0
550300000000,0.5,0
550400000000,0.5,0
550500000000,0.5,0
550600000000,0.5,0
550700000000,0.5,0
550800000000,0.5,0
550900000000,0.5,0
551000000000,0.5,0
551100000000,0.5,0
551200000000,0.5,0
551300000000,0.5,0
551400000000,0.5,0
551500000000,0.5,0
551600000000,0.5,0
551700000000,0.5,0
551800000000,0.5,0
551900000000,0.5,0
552000000000,0.5,0
552100000000,0.5,0
552200000000,0.5,0
552300000000,0.5,0
552400000000,0.5,0
552500000000,0.5,0
552600000000,0.5,0
552700000000,0.5,0
552800000000,0.5,0
552900000000,0.5,0
553000000000,0.5,0
553100000000,0.5,0
553200000000,0,0
553700000000,0,1
553900000000,0.5,0
554400000000,0.5,0
554500000000,0,1
555100000000,0,1
555200000000,0,1
555300000000,0.5,0
555700000000,0.5,0
555800000000,0.5,0
555900000000,0.5,0
556000000000,0.5,0
556100000000,0.5,0
556200000000,0.5,0
556300000000,0.5,0
556400000000,0.5,0
556500000000,0,1
557000000000,0,1
557100000000,0,1
558300000000,0.5,0
558800000000,0.5,0
558900000000,0,1
561100000000,0.5,0
561200000000,0.5,0
561300000000,0.5,0
561400000000,0.5,0
561500000000,0.5,0
561600000000,0.5,0
561700000000,0.5,0
566900000000,0.5,0
567000000000,0.5,0
567100000000,0.5,0
567200000000,0.5,0
567300000000,0.5,0
567400000000,0.5,0
567500000000,0.5,0
567600000000,0.5,0
567700000000,0.5,0
567800000000,0.5,0
567900000000,0.5,0
568000000000,0.5,0
568100000000,0.5,0
568200000000,0.5,0
568300000000,0.5,0
568400000000,0.5,0
568500000000,0.5,0
568600000000,0.5,0
568700000000,0.5,0
568800000000,0.5,0
568900000000,0.5,0
569000000000,0.5,0
569100000000,0.5,0
569200000000,0.5,0
569300000000,0.5,0
569400000000,0.5,0
569500000000,0.5,0
569600000000,0.5,0
569700000000,0.5,0
569800000000,0.5,0
569900000000,0.5,0
570000000000,0.5,0
570100000000,0.5,0
570200000000,0.5,0
570300000000,0.5,0
570400000000,0.5,0
570500000000,0.5,0
570600000000,0.5,0
570700000000,0.5,0
570800000000,0.5,0
570900000000,0.5,0
571000000000,0.5,0
571100000000,0.5,0
571200000000,0.5,0
571300000000,0.5,0
571500000000,0.5,0
571600000000,0.5,0
571700000000,0.5,0
571800000000,0.5,0
571900000000,0,1
572200000000,0.5,0
572700000000,0.5,0
572800000000,0.5,0
572900000000,0.5,0
573000000000,0.5,0
573100000000,0.5,0
573200000000,0.5,0
573300000000,0.5,0
573400000000,0.5,0
573500000000,0.5,0
573600000000,0.5,0
573700000000,0.5,0
573800000000,0.5,0
573900000000,0.5,0
574000000000,0.5,0
574100000000,0.5,0
574200000000,0.5,0
574300000000,0.5,0
574400000000,0.5,0
574500000000,0.5,0
574600000000,0.5,0
574700000000,0.5,0
574800000000,0.5,0
574900000000,0.5,0
575000000000,0.5,0
575100000000,0,1
575600000000,0,1
575700000000,0,1
575800000000,0,1
575900000000,0,1
576000000000,0.5,0
576600000000,0.5,0
576700000000,0.5,0
576800000000,0,-1
577300000000,0.5,0
577800000000,0.5,0
577900000000,0.5,0
578000000000,0.5,0
578100000000,0.5,0
578200000000,0.5,0
578300000000,0.5,0
578400000000,0.5,0
578500000000,0.5,0
578600000000,0.5,0
578700000000,0,-1
578900000000,0,1
579400000000,0,1
579500000000,0,1
579600000000,0,1
579700000000,0.5,0
580200000000,0.5,0
580300000000,0.5,0
580400000000,0.5,0
580500000000,0.5,0
580600000000,0.5,0
580700000000,0.5,0
580800000000,0.5,0
580900000000,0.5,0
581000000000,0.5,0
581100000000,0.5,0
581200000000,0.5,0
581300000000,0,-1
581700000000,0.5,0
582200000000,0.5,0
582300000000,0.5,0
582400000000,0.5,0
582500000000,0.5,0
582600000000,0.5,0
582700000000,0.5,0
582800000000,0.5,0
582900000000,0.5,0
583000000000,0.5,0
583100000000,0.5,0
583200000000,0.5,0
583300000000,0.5,0
583400000000,0.5,0
583500000000,0.5,0
583600000000,0.5,0
583700000000,0.5,0
583800000000,0.5,0
583900000000,0.5,0
584000000000,0.5,0
584100000000,0.5,0
584200000000,0.5,0
584300000000,0.5,0
584400000000,0.5,0
584600000000,0.5,0
584700000000,0.5,0
584800000000,0.5,0
584900000000,0.5,0
585000000000,0.5,0
585100000000,0.5,0
585200000000,0,1
585700000000,0,1
585800000000,0,1
585900000000,0,1
586000000000,0,1
586100000000,0,1
586200000000,0,1
586300000000,0.5,0
586800000000,0.5,0
586900000000,0.5,0
587000000000,0.5,0
587100000000,0.5,0
587200000000,0.5,0
587300000000,0.5,0
587400000000,0,-1
587800000000,0.5,0
588300000000,0.5,0
588400000000,0.5,0
588500000000,0.5,0
588600000000,0.5,0
588700000000,0.5,0
588800000000,0.5,0
588900000000,0.5,0
589000000000,0.5,0
589100000000,0.5,0
589200000000,0.5,0
589300000000,0.5,0
589400000000,0.5,0
589500000000,0.5,0
589600000000,0.5,0
589800000000,0.5,0
589900000000,0.5,0
590000000000,0.5,0
590100000000,0.5,0
590200000000,0.5,0
590300000000,0.5,0
590500000000,0.5,0
590600000000,0.5,0
590700000000,0.5,0
590800000000,0,1
591200000000,0.5,0
591700000000,0.5,0
591800000000,0.5,0
591900000000,0.5,0
592000000000,0.5,0
592100000000,0.5,0
592300000000,0.5,0
592400000000,0.5,0
592500000000,0.5,0
592600000000,0.5,0
592700000000,0.5,0
592800000000,0,1
593300000000,0,1
593400000000,0.5,0
593900000000,0.5,0
594000000000,0.5,0
594100000000,0.5,0
594200000000,0.5,0
594300000000,0.5,0
594400000000,0.5,0
594500000000,0.5,0
594600000000,0.5,0
594700000000,0.5,0
594800000000,0.5,0
594900000000,0.5,0
595000000000,0.5,0
595100000000,0.5,0
595200000000,0.5,0
595300000000,0.5,0
595400000000,0.5,0
595500000000,0.5,0
595600000000,0.5,0
595700000000,0.5,0
595800000000,0.5,0
595900000000,0.5,0
596000000000,0.5,0
596100000000,0.5,0
596200000000,0.5,0
596300000000,0.5,0
596400000000,0.5,0
596500000000,0.5,0
596600000000,0.5,0
596700000000,0.5,0
596800000000,0.5,0
596900000000,0.5,0
597000000000,0.5,0
597100000000,0.5,0
597200000000,0.5,0
597300000000,0.5,0
597400000000,0.5,0
597500000000,0.5,0
597600000000,0.5,0
597700000000,0.5,0
597800000000,0.5,0
597900000000,0.5,0
598000000000,0.5,0
598100000000,0.5,0
598200000000,0.5,0
598300000000,0.5,0
598400000000,0.5,0
598500000000,0.5,0
598600000000,0.5,0
598700000000,0.5,0
598800000000,0.5,0
598900000000,0.5,0
599000000000,0.5,0
599100000000,0.5,0
599200000000,0.5,0
599300000000,0.5,0
599400000000,0.5,0
599500000000,0.5,0
599600000000,0.5,0
599700000000,0.5,0
599800000000,0.5,0
599900000000,0.5,0
600000000000,0.5,0
600100000000,0.5,0
600200000000,0.5,0
600300000000,0.5,0
600400000000,0.5,0
600500000000,0.5,0
600600000000,0.5,0
600700000000,0.5,0
600800000000,0.5,0
600900000000,0.5,0
601000000000,0.5,0
601100000000,0.5,0
601300000000,0.5,0
601400000000,0.5,0
601500000000,0.5,0
601600000000,0.5,0
601700000000,0.5,0
601800000000,0.5,0
601900000000,0.5,0
602000000000,0.5,0
602100000000,0.5,0
602200000000,0.5,0
602300000000,0.5,0
602400000000,0.5,0
602500000000,0.5,0
602600000000,0,-1
602900000000,0.5,0
603400000000,0.5,0
603500000000,0.5,0
603600000000,0.5,0
603700000000,0.5,0
603800000000,0.5,0
603900000000,0.5,0
604000000000,0.5,0
604100000000,0.5,0
604200000000,0.5,0
604300000000,0.5,0
604400000000,0.5,0
604500000000,0.5,0
604600000000,0.5,0
604700000000,0.5,0
604800000000,0.5,0
604900000000,0.5,0
605100000000,0,1
605600000000,0.5,0
606000000000,0.5,0
606100000000,0.5,0
606200000000,0.5,0
606300000000,0.5,0
606400000000,0.5,0
606500000000,0.5,0
606600000000,0.5,0
606800000000,0.5,0
606900000000,0.5,0
607000000000,0.5,0
607100000000,0.5,0
607200000000,0.5,0
607300000000,0.5,0
607400000000,0.5,0
607500000000,0.5,0
607700000000,0.5,0
607800000000,0.5,0
607900000000,0.5,0
608000000000,0.5,0
608100000000,0.5,0
608200000000,0.5,0
608300000000,0.5,0
608400000000,0.5,0
608500000000,0.5,0
608600000000,0.5,0
608700000000,0.5,0
608800000000,0.5,0
608900000000,0.5,0
609000000000,0.5,0
609100000000,0.5,0
609200000000,0.5,0
609300000000,0.5,0
609400000000,0.5,0
609500000000,0.5,0
609600000000,0.5,0
609700000000,0.5,0
609800000000,0.5,0
609900000000,0.5,0
610000000000,0.5,0
610100000000,0.5,0
610200000000,0.5,0
610300000000,0.5,0
610400000000,0.5,0
610500000000,0.5,0
610600000000,0.5,0
610700000000,0.5,0
610800000000,0.5,0
610900000000,0.5,0
611000000000,0.5,0
611100000000,0.5,0
611200000000,0.5,0
611300000000,0.5,0
611400000000,0.5,0
611500000000,0.5,0
611600000000,0.5,0
611700000000,0.5,0
611800000000,0.5,0
611900000000,0.5,0
612000000000,0.5,0
612100000000,0.5,0
612200000000,0.5,0
612300000000,0.5,0
612400000000,0.5,0
612500000000,0.5,0
612600000000,0,1
613100000000,0,1
613200000000,0,1
613300000000,0.5,0
613800000000,0.5,0
613900000000,0.5,0
614000000000,0.5,0
614100000000,0.5,0
614200000000,0.5,0
614300000000,0.5,0
614400000000,0.5,0
614500000000,0.5,0
614600000000,0.5,0
614700000000,0.5,0
614800000000,0.5,0
614900000000,0.5,0
615000000000,0.5,0
615100000000,0.5,0
615200000000,0.5,0
615300000000,0.5,0
615400000000,0.5,0
615500000000,0.5,0
615600000000,0.5,0
615700000000,0.5,0
615800000000,0.5,0
615900000000,0,1
616300000000,0.5,0
616800000000,0.5,0
616900000000,0.5,0
617000000000,0.5,0
617100000000,0.5,0
617200000000,0.5,0
617300000000,0.5,0
617400000000,0.5,0
617500000000,0.5,0
617600000000,0.5,0
617700000000,0.5,0
617800000000,0.5,0
617900000000,0.5,0
618000000000,0.5,0
618100000000,0.5,0
618200000000,0.5,0
618300000000,0.5,0
618400000000,0.5,0
618500000000,0.5,0
618600000000,0.5,0
618700000000,0.5,0
618800000000,0.5,0
618900000000,0.5,0
619000000000,0.5,0
619100000000,0.5,0
619200000000,0.5,0
619300000000,0.5,0
619400000000,0.5,0
619500000000,0.5,0
619600000000,0.5,0
619700000000,0.5,0
619800000000,0.5,0
619900000000,0.5,0
620000000000,0.5,0
620100000000,0.5,0
620200000000,0.5,0
620300000000,0.5,0
620400000000,0.5,0
620500000000,0.5,0
620600000000,0.5,0
620700000000,0.5,0
620800000000,0.5,0
620900000000,0.5,0
621000000000,0.5,0
621100000000,0.5,0
621200000000,0.5,0
621300000000,0.5,0
621400000000,0.5,0
621500000000,0.5,0
621600000000,0.5,0
621700000000,0.5,0
621800000000,0.5,0
621900000000,0.5,0
622000000000,0.5,0
622100000000,0.5,0
622200000000,0.5,0
622300000000,0.5,0
622400000000,0.5,0
622500000000,0.5,0
622600000000,0.5,0
622700000000,0.5,0
622800000000,0.5,0
622900000000,0.5,0
623000000000,0,1
623500000000,0,1
623600000000,0.5,0
624100000000,0.5,0
624200000000,0.5,0
624300000000,0.5,0
624400000000,0.5,0
624500000000,0.5,0
624600000000,0.5,0
624700000000,0.5,0
624800000000,0.5,0
624900000000,0,-1
625400000000,0,-1
625500000000,0.5,0
626000000000,0.5,0
626100000000,0.5,0
626200000000,0.5,0
626300000000,0.5,0
626400000000,0.5,0
626500000000,0.5,0
626600000000,0.5,0
626700000000,0,1
628000000000,0,-1
630100000000,0.5,0
630700000000,0.5,0
630800000000,0.5,0
630900000000,0.5,0
631000000000,0.5,0
631100000000,0.5,0
631200000000,0.5,0
631300000000,0.5,0
631400000000,0,1
631800000000,0.5,0
632300000000,0.5,0
632400000000,0.5,0
632500000000,0.5,0
632600000000,0.5,0
632800000000,0.5,0
632900000000,0.5,0
633000000000,0.5,0
633100000000,0.5,0
633200000000,0.5,0
633300000000,0.5,0
633400000000,0.5,0
633500000000,0.5,0
633600000000,0.5,0
633700000000,0.5,0
633800000000,0.5,0
633900000000,0.5,0
634000000000,0.5,0
634100000000,0.5,0
634200000000,0.5,0
634300000000,0.5,0
634400000000,0.5,0
634500000000,0.5,0
634600000000,0.5,0
634700000000,0.5,0
634800000000,0.5,0
634900000000,0.5,0
635000000000,0.5,0
635100000000,0.5,0
635200000000,0.5,0
635300000000,0.5,0
635400000000,0.5,0
635500000000,0.5,0
635600000000,0.5,0
635700000000,0.5,0
635800000000,0.5,0
635900000000,0.5,0
636000000000,0.5,0
636100000000,0.5,0
636200000000,0.5,0
636300000000,0.5,0
636400000000,0.5,0
636500000000,0.5,0
636600000000,0.5,0
636700000000,0.5,0
636800000000,0.5,0
636900000000,0.5,0
637000000000,0.5,0
637100000000,0.5,0
637200000000,0.5,0
637300000000,0.5,0
637400000000,0.5,0
637500000000,0.5,0
637600000000,0.5,0
637700000000,0.5,0
637800000000,0.5,0
637900000000,0.5,0
639300000000,0.5,0
639800000000,0.5,0
639900000000,0.5,0
640000000000,0.5,0
640100000000,0.5,0
640200000000,0.5,0
640300000000,0.5,0
640400000000,0.5,0
640500000000,0.5,0
640600000000,0.5,0
640700000000,0.5,0
640800000000,0.5,0
640900000000,0.5,0
641000000000,0.5,0
641100000000,0.5,0
641200000000,0.5,0
641300000000,0.5,0
641400000000,0.5,0
641500000000,0,-1
642000000000,0,-1
642100000000,0,-1
642200000000,0,-1
642300000000,0,-1
642400000000,0.5,0
642800000000,0.5,0
642900000000,0.5,0
643000000000,0.5,0
643100000000,0.5,0
643200000000,0.5,0
643300000000,0.5,0
643400000000,0.5,0
643500000000,0.5,0
643600000000,0.5,0
643700000000,0.5,0
643800000000,0.5,0
643900000000,0.5,0
644000000000,0,1
644500000000,0,1
644600000000,0.5,0
645100000000,0.5,0
645200000000,0,-1
645700000000,0,-1
645800000000,0.5,0
646300000000,0.5,0
646400000000,0.5,0
646500000000,0.5,0
646600000000,0.5,0
646700000000,0.5,0
646800000000,0.5,0
646900000000,0,1
647400000000,0,1
647500000000,0.5,0
648000000000,0.5,0
648100000000,0.5,0
648200000000,0.5,0
648300000000,0.5,0
648400000000,0.5,0
648500000000,0.5,0
648600000000,0.5,0
648700000000,0.5,0
648800000000,0.5,0
648900000000,0.5,0
649000000000,0.5,0
649200000000,0.5,0
649300000000,0.5,0
649400000000,0.5,0
649500000000,0.5,0
649600000000,0.5,0
649700000000,0.5,0
649800000000,0.5,0
649900000000,0.5,0
650000000000,0.5,0
650100000000,0.5,0
650200000000,0.5,0
650300000000,0,-1
650800000000,0.5,0
651300000000,0.5,0
651400000000,0.5,0
651500000000,0.5,0
651600000000,0.5,0
651700000000,0,1
652100000000,0.5,0
652600000000,0.5,0
652700000000,0.5,0
652800000000,0.5,0
652900000000,0.5,0
653000000000,0.5,0
653100000000,0.5,0
653200000000,0.5,0
653300000000,0.5,0
653400000000,0.5,0
653500000000,0.5,0
653700000000,0,1
654500000000,0.5,0
655000000000,0.5,0
655100000000,0.5,0
655200000000,0.5,0
655300000000,0.5,0
655400000000,0.5,0
655500000000,0,-1
656000000000,0,-1
656100000000,0,-1
656200000000,0.5,0
656700000000,0.5,0
656800000000,0.5,0
656900000000,0.5,0
657000000000,0.5,0
657200000000,0.5,0
657300000000,0.5,0
660000000000,0.5,0
660500000000,0.5,0
660600000000,0.5,0
660700000000,0.5,0
660800000000,0.5,0
660900000000,0.5,0
661000000000,0.5,0
661100000000,0.5,0
661200000000,0.5,0
661300000000,0.5,0
661400000000,0.5,0
661500000000,0.5,0
661600000000,0.5,0
661700000000,0.5,0
661800000000,0.5,0
661900000000,0.5,0
662000000000,0,1
662500000000,0,-1
662900000000,0.5,0
663400000000,0.5,0
663500000000,0.5,0
663600000000,0.5,0
663700000000,0.5,0
663800000000,0.5,0
663900000000,0.5,0
664000000000,0.5,0
664100000000,0.5,0
664200000000,0.5,0
664400000000,0.5,0
664500000000,0.5,0
664600000000,0.5,0
664700000000,0.5,0
664800000000,0.5,0
664900000000,0.5,0
665000000000,0.5,0
665100000000,0,1
665900000000,0,-1
666100000000,0.5,0
666600000000,0.5,0
666700000000,0.5,0
666800000000,0.5,0
666900000000,0.5,0
667000000000,0.5,0
667100000000,0.5,0
667200000000,0.5,0
667300000000,0.5,0
667400000000,0.5,0
667500000000,0.5,0
667600000000,0.5,0
667700000000,0.5,0
667800000000,0.5,0
667900000000,0.5,0
668000000000,0.5,0
668100000000,0.5,0
668200000000,0.5,0
668300000000,0.5,0
668400000000,0.5,0
668500000000,0.5,0
668600000000,0.5,0
668700000000,0.5,0
668800000000,0.5,0
668900000000,0.5,0
669000000000,0.5,0
669100000000,0.5,0
669200000000,0.5,0
669400000000,0.5,0
669500000000,0.5,0
669600000000,0.5,0
669700000000,0.5,0
669800000000,0.5,0
669900000000,0.5,0
670000000000,0.5,0
670100000000,0.5,0
670200000000,0.5,0
670300000000,0.5,0
670400000000,0.5,0
670500000000,0.5,0
670600000000,0.5,0
670700000000,0,1
671200000000,0,1
671300000000,0.5,0
671800000000,0.5,0
671900000000,0.5,0
672000000000,0.5,0
672100000000,0.5,0
672200000000,0.5,0
672300000000,0.5,0
672400000000,0.5,0
672500000000,0.5,0
672600000000,0.5,0
672800000000,0.5,0
672900000000,0.5,0
673000000000,0.5,0
673100000000,0.5,0
673200000000,0.5,0
673300000000,0.5,0
673400000000,0.5,0
673500000000,0.5,0
673600000000,0.5,0
673700000000,0.5,0
673800000000,0.5,0
673900000000,0.5,0
674000000000,0.5,0
674100000000,0.5,0
674200000000,0.5,0
674300000000,0.5,0
674400000000,0.5,0
674500000000,0.5,0
674600000000,0.5,0
674700000000,0.5,0
674800000000,0.5,0
674900000000,0.5,0
675000000000,0.5,0
675100000000,0.5,0
675200000000,0.5,0
675300000000,0.5,0
675400000000,0.5,0
675500000000,0.5,0
675600000000,0.5,0
675700000000,0.5,0
675800000000,0.5,0
675900000000,0.5,0
676000000000,0.5,0
676200000000,0.5,0
676300000000,0.5,0
676400000000,0.5,0
676500000000,0.5,0
676600000000,0.5,0
676700000000,0.5,0
676800000000,0.5,0
676900000000,0.5,0
677000000000,0.5,0
677100000000,0.5,0
677200000000,0.5,0
677300000000,0,1
677800000000,0.5,0
678300000000,0.5,0
678400000000,0.5,0
678500000000,0.5,0
678600000000,0.5,0
678700000000,0.5,0
678800000000,0.5,0
678900000000,0.5,0
679000000000,0.5,0
679100000000,0.5,0
679200000000,0.5,0
679300000000,0.5,0
679400000000,0.5,0
679500000000,0.5,0
679600000000,0.5,0
679700000000,0.5,0
679800000000,0.5,0
679900000000,0.5,0
680000000000,0.5,0
680100000000,0.5,0
680200000000,0.5,0
680300000000,0.5,0
680400000000,0.5,0
680500000000,0,1
680700000000,0.5,0
681200000000,0.5,0
681300000000,0.5,0
681400000000,0.5,0
681500000000,0.5,0
681600000000,0.5,0
681700000000,0.5,0
681800000000,0.5,0
681900000000,0.5,0
682100000000,0.5,0
682200000000,0.5,0
682300000000,0.5,0
682400000000,0.5,0
682500000000,0.5,0
682600000000,0.5,0
682700000000,0.5,0
682800000000,0.5,0
682900000000,0.5,0
683000000000,0.5,0
683100000000,0.5,0
683200000000,0.5,0
683300000000,0.5,0
683400000000,0.5,0
683500000000,0.5,0
683600000000,0.5,0
685400000000,0.5,0
685900000000,0.5,0
686000000000,0.5,0
686100000000,0.5,0
686200000000,0.5,0
686300000000,0.5,0
686400000000,0.5,0
686600000000,0.5,0
686700000000,0.5,0
686800000000,0.5,0
686900000000,0.5,0
687000000000,0.5,0
687100000000,0.5,0
687200000000,0.5,0
687300000000,0.5,0
687400000000,0.5,0
687500000000,0.5,0
687600000000,0.5,0
687700000000,0.5,0
687800000000,0.5,0
687900000000,0.5,0
688000000000,0.5,0
688100000000,0.5,0
688200000000,0.5,0
688300000000,0.5,0
688400000000,0.5,0
688500000000,0.5,0
688600000000,0.5,0
688700000000,0.5,0
688800000000,0.5,0
688900000000,0.5,0
689000000000,0,1
689400000000,0.5,0
689900000000,0.5,0
690000000000,0.5,0
690100000000,0.5,0
690200000000,0.5,0
690300000000,0.5,0
690400000000,0.5,0
690500000000,0.5,0
690600000000,0.5,0
690700000000,0.5,0
690800000000,0.5,0
690900000000,0.5,0
691000000000,0.5,0
691100000000,0.5,0
691200000000,0.5,0
691300000000,0.5,0
691400000000,0.5,0
691500000000,0.5,0
691600000000,0.5,0
691700000000,0.5,0
691800000000,0.5,0
691900000000,0.5,0
692000000000,0.5,0
692100000000,0.5,0
692200000000,0.5,0
692300000000,0.5,0
692400000000,0.5,0
692500000000,0.5,0
692600000000,0.5,0
692700000000,0.5,0
692800000000,0.5,0
692900000000,0.5,0
693000000000,0.5,0
693100000000,0.5,0
693200000000,0.5,0
693300000000,0.5,0
693400000000,0.5,0
693500000000,0.5,0
693600000000,0.5,0
693700000000,0.5,0
693800000000,0.5,0
693900000000,0.5,0
694000000000,0.5,0
694100000000,0.5,0
694200000000,0.5,0
694300000000,0.5,0
694400000000,0.5,0
694500000000,0.5,0
694600000000,0.5,0
694700000000,0.5,0
694800000000,0.5,0
694900000000,0.5,0
695000000000,0.5,0
695100000000,0.5,0
695200000000,0.5,0
695300000000,0.5,0
695400000000,0.5,0
695500000000,0.5,0
695600000000,0.5,0
695700000000,0.5,0
695800000000,0.5,0
695900000000,0.5,0
696000000000,0.5,0
696100000000,0.5,0
696200000000,0.5,0
696300000000,0.5,0
696400000000,0.5,0
696500000000,0.5,0
696600000000,0.5,0
696700000000,0,1
697100000000,0.5,0
697700000000,0.5,0
697800000000,0.5,0
697900000000,0.5,0
698000000000,0.5,0
698100000000,0.5,0
698200000000,0.5,0
698300000000,0.5,0
698400000000,0.5,0
698500000000,0.5,0
698600000000,0,1
699000000000,0.5,0
699400000000,0.5,0
699500000000,0.5,0
699600000000,0.5,0
699700000000,0.5,0
699800000000,0.5,0
699900000000,0.5,0
700000000000,0.5,0
700100000000,0.5,0
700200000000,0.5,0
700300000000,0.5,0
700400000000,0.5,0
700500000000,0.5,0
700600000000,0.5,0
700700000000,0.5,0
700800000000,0.5,0
700900000000,0.5,0
701000000000,0.5,0
701100000000,0.5,0
701200000000,0.5,0
701300000000,0.5,0
701400000000,0.5,0
701500000000,0.5,0
701600000000,0.5,0
701700000000,0.5,0
701800000000,0.5,0
701900000000,0.5,0
702000000000,0.5,0
702100000000,0.5,0
702200000000,0.5,0
702300000000,0.5,0
702400000000,0.5,0
702500000000,0.5,0
702600000000,0.5,0
702700000000,0.5,0
702800000000,0.5,0
703000000000,0,1
703500000000,0.5,0
703600000000,0.5,0
703700000000,0.5,0
703800000000,0.5,0
703900000000,0.5,0
704000000000,0,1
704200000000,0,1
704600000000,0.5,0
705100000000,0.5,0
705200000000,0.5,0
705300000000,0.5,0
705400000000,0.5,0
705500000000,0.5,0
705600000000,0.5,0
705700000000,0.5,0
705800000000,0,-1
706000000000,0.5,0
706400000000,0.5,0
706500000000,0.5,0
706600000000,0.5,0
706700000000,0.5,0
706800000000,0.5,0
706900000000,0.5,0
707000000000,0.5,0
707100000000,0.5,0
707200000000,0.5,0
707300000000,0.5,0
707400000000,0.5,0
707500000000,0.5,0
707600000000,0.5,0
707700000000,0.5,0
707800000000,0.5,0
707900000000,0.5,0
708000000000,0.5,0
708100000000,0.5,0
708200000000,0.5,0
708300000000,0.5,0
708400000000,0.5,0
708500000000,0.5,0
708600000000,0.5,0
708700000000,0.5,0
708800000000,0.5,0
708900000000,0.5,0
709000000000,0.5,0
709100000000,0.5,0
709200000000,0.5,0
709300000000,0.5,0
709400000000,0.5,0
709500000000,0.5,0
709600000000,0.5,0
709700000000,0.5,0
709800000000,0.5,0
709900000000,0.5,0
710000000000,0,1
710500000000,0,1
710600000000,0.5,0
711100000000,0.5,0
711200000000,0.5,0
711300000000,0.5,0
711400000000,0.5,0
711500000000,0.5,0
711600000000,0.5,0
711700000000,0.5,0
711800000000,0.5,0
711900000000,0.5,0
712000000000,0.5,0
712100000000,0.5,0
712200000000,0,1
712400000000,0.5,0
712900000000,0.5,0
713000000000,0.5,0
713100000000,0.5,0
713200000000,0.5,0
713300000000,0.5,0
713400000000,0.5,0
713500000000,0,1
714000000000,0.5,0
714500000000,0.5,0
714600000000,0.5,0
714700000000,0.5,0
714800000000,0.5,0
714900000000,0,1
715200000000,0.5,0
715700000000,0.5,0
715800000000,0.5,0
715900000000,0.5,0
716000000000,0.5,0
716100000000,0.5,0
716200000000,0.5,0
716300000000,0.5,0
716400000000,0.5,0
716500000000,0.5,0
716600000000,0.5,0
716700000000,0.5,0
716800000000,0.5,0
716900000000,0.5,0
717000000000,0.5,0
717100000000,0.5,0
717200000000,0.5,0
717300000000,0.5,0
717400000000,0.5,0
717500000000,0.5,0
717600000000,0.5,0
717700000000,0.5,0
717800000000,0.5,0
717900000000,0.5,0
718000000000,0.5,0
718100000000,0.5,0
718200000000,0.5,0
718300000000,0.5,0
718400000000,0.5,0
718500000000,0.5,0
718600000000,0.5,0
718700000000,0.5,0
718800000000,0.5,0
718900000000,0.5,0
719000000000,0.5,0
719200000000,0.5,0
719300000000,0.5,0
719400000000,0.5,0
719500000000,0.5,0
719600000000,0.5,0
719700000000,0.5,0
719800000000,0.5,0
719900000000,0.5,0
720000000000,0.5,0
720100000000,0.5,0
720200000000,0.5,0
720300000000,0.5,0
720400000000,0.5,0
720600000000,0.5,0
720700000000,0.5,0
720800000000,0.5,0
720900000000,0.5,0
721000000000,0.5,0
721100000000,0.5,0
721200000000,0.5,0
721300000000,0.5,0
721400000000,0.5,0
721500000000,0.5,0
721600000000,0.5,0
721700000000,0.5,0
721800000000,0.5,0
721900000000,0.5,0
722000000000,0.5,0
722200000000,0.5,0
722300000000,0.5,0
722400000000,0.5,0
722500000000,0.5,0
722600000000,0.5,0
722700000000,0.5,0
722800000000,0.5,0
722900000000,0.5,0
723000000000,0.5,0
723100000000,0.5,0
723200000000,0.5,0
723300000000,0.5,0
723500000000,0.5,0
723600000000,0.5,0
723700000000,0.5,0
723800000000,0.5,0
723900000000,0.5,0
724000000000,0.5,0
724100000000,0.5,0
724200000000,0.5,0
724300000000,0.5,0
724400000000,0.5,0
724500000000,0.5,0
724600000000,0.5,0
724700000000,0.5,0
724800000000,0.5,0
724900000000,0.5,0
725000000000,0.5,0
725100000000,0.5,0
725200000000,0,-1
725800000000,0.5,0
726300000000,0.5,0
726400000000,0.5,0
726500000000,0.5,0
726600000000,0.5,0
726700000000,0.5,0
726800000000,0.5,0
726900000000,0.5,0
727000000000,0.5,0
727100000000,0.5,0
727200000000,0.5,0
727300000000,0.5,0
727400000000,0.5,0
727500000000,0.5,0
727600000000,0.5,0
727700000000,0.5,0
727800000000,0.5,0
727900000000,0.5,0
728000000000,0.5,0
728100000000,0.5,0
728200000000,0.5,0
728300000000,0.5,0
728400000000,0.5,0
728500000000,0.5,0
728600000000,0.5,0
728700000000,0.5,0
728800000000,0.5,0
728900000000,0.5,0
729000000000,0.5,0
729100000000,0.5,0
729200000000,0.5,0
729300000000,0.5,0
729400000000,0.5,0
729500000000,0,-1
729800000000,0.5,0
730400000000,0.5,0
730500000000,0.5,0
730600000000,0.5,0
730700000000,0.5,0
730800000000,0.5,0
730900000000,0.5,0
731000000000,0.5,0
731100000000,0.5,0
731200000000,0.5,0
731300000000,0.5,0
731400000000,0.5,0
731500000000,0.5,0
731600000000,0.5,0
731700000000,0.5,0
731800000000,0.5,0
731900000000,0.5,0
732000000000,0.5,0
732100000000,0.5,0
732200000000,0,-1
732700000000,0.5,0
733200000000,0.5,0
733300000000,0.5,0
733400000000,0.5,0
733500000000,0.5,0
733600000000,0.5,0
733700000000,0.5,0
733800000000,0.5,0
733900000000,0.5,0
734000000000,0.5,0
734200000000,0,-1
734700000000,0.5,0
735200000000,0.5,0
735300000000,0.5,0
735400000000,0.5,0
735500000000,0.5,0
735600000000,0.5,0
735700000000,0.5,0
735800000000,0.5,0
735900000000,0,1
736400000000,0,1
736500000000,0.5,0
737000000000,0.5,0
737100000000,0.5,0
737200000000,0.5,0
737300000000,0.5,0
737400000000,0.5,0
737500000000,0.5,0
737600000000,0.5,0
737700000000,0,-1
738100000000,0.5,0
738600000000,0.5,0
738700000000,0.5,0
738800000000,0.5,0
738900000000,0.5,0
739000000000,0.5,0
739100000000,0.5,0
739200000000,0.5,0
739300000000,0.5,0
739400000000,0.5,0
739500000000,0,-1
740000000000,0.5,0
740500000000,0.5,0
740600000000,0.5,0
740700000000,0.5,0
740800000000,0.5,0
740900000000,0.5,0
741000000000,0.5,0
741100000000,0.5,0
741200000000,0.5,0
741300000000,0.5,0
741400000000,0,-1
741900000000,0,-1
742000000000,0,-1
742100000000,0,-1
742200000000,0.5,0
742700000000,0,-1
743100000000,0.5,0
743600000000,0.5,0
743700000000,0.5,0
743800000000,0.5,0
743900000000,0.5,0
744000000000,0.5,0
744100000000,0.5,0
744200000000,0.5,0
744300000000,0.5,0
744400000000,0.5,0
744500000000,0.5,0
744600000000,0.5,0
744700000000,0.5,0
744800000000,0.5,0
744900000000,0.5,0
745000000000,0.5,0
745100000000,0.5,0
745200000000,0,1
746400000000,0,1
